{
    "data": {
        "lookups": [
            "trait"
        ],
        "name": "intent",
        "lang": "he",
        "id": "intent",
        "doc": "User-defined entity",
        "builtin": false,
        "values": [
            {
                "value": "delete-todo",
                "expressions": []
            },
            {
                "value": "list-todos",
                "expressions": []
            },
            {
                "value": "add-todo",
                "expressions": []
            },
            {
                "value": "bye",
                "expressions": []
            },
            {
                "value": "greet",
                "expressions": []
            }
        ]
    }
}
