{
    "data": [
        {
            "text": "\u05d4\u05d9\u05d9",
            "entities": [
                {
                    "entity": "intent",
                    "value": "\"greet\""
                }
            ]
        },
        {
            "text": "\u05e9\u05dc\u05d5\u05dd",
            "entities": [
                {
                    "entity": "intent",
                    "value": "\"greet\""
                }
            ]
        },
        {
            "text": "\u05de\u05d4 \u05e0\u05e9\u05de\u05e2?",
            "entities": [
                {
                    "entity": "intent",
                    "value": "\"greet\""
                }
            ]
        },
        {
            "text": "\u05de\u05d4 \u05e7\u05d5\u05e8\u05d4?",
            "entities": [
                {
                    "entity": "intent",
                    "value": "\"greet\""
                }
            ]
        },
        {
            "text": "\u05d1\u05d9\u05d9",
            "entities": [
                {
                    "entity": "intent",
                    "value": "\"bye\""
                }
            ]
        },
        {
            "text": "\u05d4\u05d9\u05d9 123",
            "entities": [
                {
                    "entity": "intent",
                    "value": "\"greet\""
                },
                {
                    "entity": "something",
                    "value": "\"123\"",
                    "start": 4,
                    "end": 7
                }
            ]
        },
        {
            "text": "\u05d4\u05d5\u05e1\u05e3 \u05de\u05e9\u05d9\u05de\u05d4",
            "entities": [
                {
                    "entity": "intent",
                    "value": "\"add-todo\""
                }
            ]
        },
        {
            "text": "\u05e6\u05e4\u05d4 \u05d1\u05de\u05e9\u05d9\u05de\u05d5\u05ea",
            "entities": [
                {
                    "entity": "intent",
                    "value": "\"list-todos\""
                }
            ]
        },
        {
            "text": "\u05d4\u05d5\u05e1\u05e4\u05ea \u05de\u05e9\u05d9\u05de\u05d4",
            "entities": [
                {
                    "entity": "intent",
                    "value": "\"add-todo\""
                }
            ]
        },
        {
            "text": "\u05d4\u05e6\u05d2 \u05de\u05e9\u05d9\u05de\u05d5\u05ea",
            "entities": [
                {
                    "entity": "intent",
                    "value": "\"list-todos\""
                }
            ]
        },
        {
            "text": "\u05de\u05d7\u05e7",
            "entities": [
                {
                    "entity": "intent",
                    "value": "\"delete-todo\""
                }
            ]
        },
        {
            "text": "\u05e8\u05d0\u05d4 \u05de\u05e9\u05d9\u05de\u05d5\u05ea",
            "entities": [
                {
                    "entity": "intent",
                    "value": "\"list-todos\""
                }
            ]
        },
        {
            "text": "\u05ea\u05de\u05d7\u05e7 \u05de\u05e9\u05d9\u05de\u05d5\u05ea",
            "entities": [
                {
                    "entity": "intent",
                    "value": "\"delete-todo\""
                }
            ]
        },
        {
            "text": "\u05e0\u05e7\u05d4 \u05de\u05e9\u05d9\u05de\u05d5\u05ea \u05e9\u05d1\u05d5\u05e6\u05e2\u05d5 :x:",
            "entities": [
                {
                    "entity": "intent",
                    "value": "\"delete-todo\""
                }
            ]
        },
        {
            "text": "\u05e6\u05e4\u05d4 \u05d1\u05de\u05e9\u05d9\u05de\u05d5\u05ea :book:",
            "entities": [
                {
                    "entity": "intent",
                    "value": "\"list-todos\""
                }
            ]
        },
        {
            "text": "\u05e0\u05e7\u05d4 \u05de\u05e9\u05d9\u05de\u05d5\u05ea \u05e9\u05d1\u05d5\u05e6\u05e2\u05d5",
            "entities": [
                {
                    "entity": "intent",
                    "value": "\"delete-todo\""
                }
            ]
        },
        {
            "text": "\u05e0\u05e7\u05d4",
            "entities": [
                {
                    "entity": "intent",
                    "value": "\"delete-todo\""
                }
            ]
        }
    ]
}
